"species_code","mean_TL","sd_TL","p5_TL","p95_TL"
"pensets",1.67647529029802,0.335696051108038,0.854697779320773,2.21227965315514
