"species_code","mean_TL","sd_TL","p5_TL","p95_TL"
"pensets",1.68458951040039,0.337850280923545,0.865940224430455,2.22522508290928
