"species_code","mean_TL","sd_TL","p5_TL","p95_TL"
"pensets",1.67876744341599,0.337102706319369,0.855925923691877,2.2181802631607
