"species_code","mean_TL","sd_TL","p5_TL","p95_TL"
"pensets",1.67647728534053,0.336662234999067,0.857595677430979,2.21559024818593
