"species_code","mean_TL","sd_TL","p5_TL","p95_TL"
"pensets",1.68200115645054,0.337526608541125,0.860804305601059,2.22191715664566
