"species_code","mean_TL","sd_TL","p5_TL","p95_TL"
"pensets",1.6715314456883,0.33733652014498,0.848534817851767,2.21136073382167
