"species_code","mean_TL","sd_TL","p5_TL","p95_TL"
"pensets",1.67215113897021,0.33611068120095,0.850922042255381,2.20877873517967
