"species_code","mean_TL","sd_TL","p5_TL","p95_TL"
"pensets",1.67791641815196,0.336869424614737,0.855305045498643,2.21608022729978
