"species_code","tef_step","hv_size","TL","bostrychia","CRAVIR","live.mangrove.leaves","live.spartina.leaves.and.stems"
"pensets","1.5",537.552937397356,0.005581106481467,0.289638410649495,-0.0859860231644479,-0.0239911067553305,0.0106825376363162
