"species_code","mean_TL","sd_TL","p5_TL","p95_TL"
"pensets",1.68330667721405,0.337122409940046,0.862597923097459,2.22260832419675
