"species_code","mean_TL","sd_TL","p5_TL","p95_TL"
"pensets",1.67414345880152,0.337515170925846,0.848444894880166,2.21380857569544
