"species_code","mean_TL","sd_TL","p5_TL","p95_TL"
"pensets",1.6860075931773,0.337221629259611,0.869634907530786,2.22546830962351
