"species_code","mean_TL","sd_TL","p5_TL","p95_TL"
"pensets",1.68514332069423,0.337551056949384,0.868394919109402,2.22602566144628
