"species_code","tef_step","hv_size","TL","bostrychia","CRAVIR","live.mangrove.leaves","live.spartina.leaves.and.stems"
"pensets","1.0",546.998308788277,0.0321814527306346,0.38936395255625,-0.236732239186229,0.136055971287567,0.0208913593455471
