"species_code","mean_TL","sd_TL","p5_TL","p95_TL"
"pensets",1.683805774384,0.339157807549857,0.864013151563005,2.22814977077657
