"species_code","mean_TL","sd_TL","p5_TL","p95_TL"
"pensets",1.68127541119602,0.336097088664457,0.864194506068007,2.21841397003626
