"species_code","mean_TL","sd_TL","p5_TL","p95_TL"
"pensets",1.68446571706247,0.336903510961805,0.870968274417232,2.22390509148358
