"species_code","mean_TL","sd_TL","p5_TL","p95_TL"
"pensets",1.67738476056791,0.338410838120311,0.85202781878282,2.219682168715
