"species_code","mean_TL","sd_TL","p5_TL","p95_TL"
"pensets",1.67659229479671,0.338298030831513,0.851743512652743,2.21877993321115
