"species_code","mean_TL","sd_TL","p5_TL","p95_TL"
"pensets",1.67736055700614,0.338470453668682,0.85275854309123,2.22017631454583
