"species_code","mean_TL","sd_TL","p5_TL","p95_TL"
"pensets",1.67818282995377,0.337567329525762,0.855876966322113,2.21771839222821
