"species_code","mean_TL","sd_TL","p5_TL","p95_TL"
"pensets",1.68458210097845,0.338669990348061,0.863078437104553,2.22794404284617
