"species_code","mean_TL","sd_TL","p5_TL","p95_TL"
"pensets",1.68159064088175,0.338743451795536,0.857789375614602,2.22523918339728
