"species_code","mean_TL","sd_TL","p5_TL","p95_TL"
"pensets",1.68336566488349,0.338088662690274,0.861101954677525,2.22520352804534
