"species_code","mean_TL","sd_TL","p5_TL","p95_TL"
"pensets",1.6819644976231,0.337656574485159,0.86476160528829,2.22214179297258
