"species_code","mean_TL","sd_TL","p5_TL","p95_TL"
"pensets",1.68150707859653,0.338763946659187,0.858905422471954,2.22483259765876
