"species_code","mean_TL","sd_TL","p5_TL","p95_TL"
"pensets",1.67123211561654,0.338189302954998,0.844904703909227,2.21245052012227
