"species_code","mean_TL","sd_TL","p5_TL","p95_TL"
"pensets",1.67133048060068,0.338442881863951,0.845984825198498,2.2139116054303
