"species_code","mean_TL","sd_TL","p5_TL","p95_TL"
"pensets",1.68556383945607,0.336067505072019,0.870701652478161,2.22162613774153
