"species_code","mean_TL","sd_TL","p5_TL","p95_TL"
"pensets",1.67261466838156,0.335542771556605,0.850399184379558,2.20797401700921
