"species_code","mean_TL","sd_TL","p5_TL","p95_TL"
"pensets",1.68549764356363,0.339116904163381,0.86511270973078,2.22975922239002
