"species_code","mean_TL","sd_TL","p5_TL","p95_TL"
"pensets",1.68028652364971,0.336842254993255,0.861393975862402,2.21972742801736
