"species_code","mean_TL","sd_TL","p5_TL","p95_TL"
"pensets",1.67135245483415,0.337310283764403,0.847183882461298,2.21096000695016
