"species_code","mean_TL","sd_TL","p5_TL","p95_TL"
"pensets",1.67126017326956,0.338537381618154,0.844534045575779,2.21334879556133
